{"products":[{"id":"0.27507477723413265","qty":1}],"totalPrice":20.989999999999995}